-- 插入更真实的测试数据

-- 清空现有数据
DELETE FROM inventory_record;
DELETE FROM purchase_order_item;
DELETE FROM purchase_order;
DELETE FROM inventory;
DELETE FROM material;
DELETE FROM category;
DELETE FROM supplier;
DELETE FROM user;

-- 插入角色数据
INSERT INTO `role` (`id`, `name`, `description`, `status`) VALUES
(1, '超级管理员', '拥有系统所有权限', 1),
(2, '管理员', '拥有大部分管理权限', 1),
(3, '采购员', '负责采购物资', 1),
(4, '仓库管理员', '负责库存管理', 1),
(5, '普通用户', '基本使用权限', 1);

-- 插入用户数据
INSERT INTO `user` (`id`, `username`, `password`, `real_name`, `phone`, `email`, `role_id`, `status`) VALUES
(1, 'admin', 'admin123', '张三', '13800138001', 'zhangsan@example.com', 1, 1),
(2, 'manager', 'manager123', '李四', '13800138002', 'lisi@example.com', 2, 1),
(3, 'purchaser', 'purchaser123', '王五', '13800138003', 'wangwu@example.com', 3, 1),
(4, 'warehouse', 'warehouse123', '赵六', '13800138004', 'zhaoliu@example.com', 4, 1),
(5, 'user1', 'user1123', '钱七', '13800138005', 'qianqi@example.com', 5, 1);

-- 插入供应商数据
INSERT INTO `supplier` (`id`, `name`, `contact`, `phone`, `address`, `email`, `status`, `remark`) VALUES
(1, '北京科技有限公司', '张经理', '13800138011', '北京市海淀区中关村大街1号', 'bjtech@example.com', 1, '电子设备供应商'),
(2, '上海办公用品有限公司', '李主管', '13800138012', '上海市浦东新区张江高科技园区', 'shoffice@example.com', 1, '办公用品供应商'),
(3, '广州文具批发市场', '王老板', '13800138013', '广州市天河区天河路123号', 'gzstationery@example.com', 1, '文具批发商'),
(4, '深圳电子配件有限公司', '赵总监', '13800138014', '深圳市南山区科技园', 'szelectronics@example.com', 1, '电子配件供应商'),
(5, '杭州办公耗材有限公司', '钱经理', '13800138015', '杭州市西湖区文三路', 'hzconsumables@example.com', 1, '办公耗材供应商');

-- 插入分类数据
INSERT INTO `category` (`id`, `name`, `parent_id`, `level`, `path`, `sort`, `status`) VALUES
(1, '电子设备', 0, 1, '1', 1, 1),
(2, '办公用品', 0, 1, '2', 2, 1),
(3, '办公耗材', 0, 1, '3', 3, 1),
(4, '电脑配件', 1, 2, '1,4', 1, 1),
(5, '办公设备', 1, 2, '1,5', 2, 1),
(6, '办公文具', 2, 2, '2,6', 1, 1),
(7, '打印耗材', 3, 2, '3,7', 1, 1),
(8, '纸张用品', 3, 2, '3,8', 2, 1);

-- 插入物资数据
INSERT INTO `material` (`id`, `code`, `name`, `category_id`, `specification`, `unit`, `price`, `supplier`, `status`, `remark`) VALUES
(1, 'WL-001', '联想笔记本电脑', 1, 'ThinkPad X1 Carbon', '台', 8999.00, '北京科技有限公司', 1, '高性能商务笔记本'),
(2, 'WL-002', '戴尔显示器', 1, 'Dell U2720Q 27英寸', '台', 2499.00, '北京科技有限公司', 1, '4K高清显示器'),
(3, 'WL-003', '惠普打印机', 5, 'HP LaserJet Pro M404dn', '台', 1599.00, '上海办公用品有限公司', 1, '黑白激光打印机'),
(4, 'WL-004', '佳能复印机', 5, 'Canon imageRUNNER 2525', '台', 8999.00, '上海办公用品有限公司', 1, '多功能复印机'),
(5, 'WL-005', 'A4打印纸', 8, '70g 500张/包', '包', 25.00, '广州文具批发市场', 1, '优质打印纸'),
(6, 'WL-006', '中性笔', 6, '黑色 0.5mm 12支/盒', '盒', 8.00, '广州文具批发市场', 1, '办公用笔'),
(7, 'WL-007', '订书机', 6, '重型 50页', '个', 35.00, '广州文具批发市场', 1, '办公文具'),
(8, 'WL-008', '文件夹', 6, 'A4 蓝色 50个/包', '包', 15.00, '广州文具批发市场', 1, '文件整理'),
(9, 'WL-009', '墨盒', 7, 'HP 88A 黑色', '个', 150.00, '杭州办公耗材有限公司', 1, '打印机耗材'),
(10, 'WL-010', '硒鼓', 7, 'HP 88A 黑色', '个', 280.00, '杭州办公耗材有限公司', 1, '打印机耗材'),
(11, 'WL-011', '鼠标', 4, '罗技 M185 无线', '个', 59.00, '深圳电子配件有限公司', 1, '无线鼠标'),
(12, 'WL-012', '键盘', 4, '罗技 K380 无线', '个', 129.00, '深圳电子配件有限公司', 1, '无线键盘'),
(13, 'WL-013', 'U盘', 4, '金士顿 64GB USB3.0', '个', 45.00, '深圳电子配件有限公司', 1, '高速存储'),
(14, 'WL-014', '移动硬盘', 4, '西部数据 1TB 移动硬盘', '个', 399.00, '深圳电子配件有限公司', 1, '大容量存储'),
(15, 'WL-015', '路由器', 4, 'TP-Link AC1200 双频', '台', 199.00, '深圳电子配件有限公司', 1, '无线路由器'),
(16, 'WL-016', '办公椅', 5, '人体工学 可调节', '把', 599.00, '上海办公用品有限公司', 1, '舒适办公椅'),
(17, 'WL-017', '办公桌', 5, '1.2m x 0.6m', '张', 899.00, '上海办公用品有限公司', 1, '实木办公桌'),
(18, 'WL-018', '文件柜', 5, '四门 钢制', '个', 699.00, '上海办公用品有限公司', 1, '文件存储'),
(19, 'WL-019', '白板', 6, '1.2m x 0.9m 磁性', '块', 299.00, '广州文具批发市场', 1, '会议用白板'),
(20, 'WL-020', '投影仪', 5, '爱普生 EB-X450', '台', 3999.00, '北京科技有限公司', 1, '高清投影仪');

-- 插入库存数据
INSERT INTO `inventory` (`id`, `material_id`, `quantity`, `min_quantity`, `max_quantity`, `warehouse`, `location`) VALUES
(1, 1, 15, 5, 50, '主仓库', 'A区-01'),
(2, 2, 8, 3, 30, '主仓库', 'A区-02'),
(3, 3, 5, 2, 20, '主仓库', 'B区-01'),
(4, 4, 3, 1, 15, '主仓库', 'B区-02'),
(5, 5, 200, 50, 500, '耗材仓库', 'C区-01'),
(6, 6, 150, 30, 300, '耗材仓库', 'C区-02'),
(7, 7, 25, 10, 50, '耗材仓库', 'C区-03'),
(8, 8, 80, 20, 200, '耗材仓库', 'C区-04'),
(9, 9, 40, 10, 100, '耗材仓库', 'D区-01'),
(10, 10, 30, 10, 80, '耗材仓库', 'D区-02'),
(11, 11, 60, 20, 100, '电子仓库', 'E区-01'),
(12, 12, 45, 15, 80, '电子仓库', 'E区-02'),
(13, 13, 100, 30, 200, '电子仓库', 'E区-03'),
(14, 14, 20, 5, 50, '电子仓库', 'E区-04'),
(15, 15, 35, 10, 70, '电子仓库', 'E区-05'),
(16, 16, 10, 3, 30, '办公仓库', 'F区-01'),
(17, 17, 8, 2, 25, '办公仓库', 'F区-02'),
(18, 18, 12, 4, 40, '办公仓库', 'F区-03'),
(19, 19, 5, 2, 20, '办公仓库', 'F区-04'),
(20, 20, 6, 2, 20, '办公仓库', 'F区-05');

-- 插入采购订单数据
INSERT INTO `purchase_order` (`id`, `order_no`, `supplier_id`, `total_amount`, `status`, `remark`, `creator_id`) VALUES
(1, 'PO-20240101', 1, 26997.00, 2, '月度采购计划', 1),
(2, 'PO-20240102', 2, 3198.00, 1, '急需办公用品', 1),
(3, 'PO-20240103', 3, 675.00, 0, '文具补充', 3),
(4, 'PO-20240104', 4, 732.00, 2, '电子配件采购', 1),
(5, 'PO-20240105', 5, 1298.00, 3, '耗材采购', 3);

-- 插入采购订单明细数据
INSERT INTO `purchase_order_item` (`id`, `order_id`, `material_id`, `quantity`, `price`, `amount`) VALUES
(1, 1, 1, 3, 8999.00, 26997.00),
(2, 2, 2, 1, 2, 4998.00),
(3, 2, 3, 1, 3, 1599.00),
(4, 3, 4, 2, 5, 20.00),
(5, 3, 5, 10, 6, 80.00),
(6, 3, 6, 15, 8, 120.00),
(7, 3, 7, 5, 35, 175.00),
(8, 3, 8, 10, 15, 150.00),
(9, 4, 11, 10, 59, 590.00),
(10, 4, 12, 5, 129, 645.00),
(11, 5, 9, 3, 150, 450.00),
(12, 5, 10, 5, 280, 1400.00);

-- 插入库存记录数据
INSERT INTO `inventory_record` (`id`, `record_no`, `material_id`, `record_type`, `quantity`, `price`, `operator_id`, `remark`) VALUES
(1, 'IR-20240101', 1, 1, 15, 8999.00, 1, '初始入库'),
(2, 'IR-20240102', 2, 1, 8, 2499.00, 1, '初始入库'),
(3, 'IR-20240103', 3, 1, 5, 1599.00, 1, '初始入库'),
(4, 'IR-20240104', 4, 1, 3, 8999.00, 1, '初始入库'),
(5, 'IR-20240105', 5, 1, 200, 25.00, 1, '初始入库'),
(6, 'IR-20240106', 6, 1, 150, 8.00, 1, '初始入库'),
(7, 'IR-20240107', 7, 1, 25, 35.00, 1, '初始入库'),
(8, 'IR-20240108', 8, 1, 80, 15.00, 1, '初始入库'),
(9, 'IR-20240109', 9, 1, 40, 150.00, 1, '初始入库'),
(10, 'IR-20240110', 10, 1, 30, 280.00, 1, '初始入库'),
(11, 'IR-20240111', 11, 1, 60, 59.00, 1, '初始入库'),
(12, 'IR-20240112', 12, 1, 45, 129.00, 1, '初始入库'),
(13, 'IR-20240113', 13, 1, 100, 45.00, 1, '初始入库'),
(14, 'IR-20240114', 14, 1, 20, 399.00, 1, '初始入库'),
(15, 'IR-20240115', 15, 1, 35, 199.00, 1, '初始入库'),
(16, 'IR-20240116', 16, 1, 10, 599.00, 1, '初始入库'),
(17, 'IR-20240117', 17, 1, 8, 899.00, 1, '初始入库'),
(18, 'IR-20240118', 18, 1, 12, 699.00, 1, '初始入库'),
(19, 'IR-20240119', 19, 1, 5, 299.00, 1, '初始入库'),
(20, 'IR-20240120', 20, 1, 6, 3999.00, 1, '初始入库'),
(21, 'IR-20240121', 5, 2, 10, 25.00, 4, '办公用品领用'),
(22, 'IR-20240122', 6, 2, 5, 8.00, 4, '办公用品领用'),
(23, 'IR-20240123', 9, 2, 2, 150.00, 4, '打印耗材领用'),
(24, 'IR-20240124', 10, 2, 1, 280.00, 4, '打印耗材领用');
